,content
0,昕姐冲！！！
1,在看一次！
2,为黄圣依，张雨绮，郑希怡打call
3,姐姐们 我来了~~！！！
4,我去，真的爱了，都是我喜欢的
5,揭谛揭谛揭谛快点快点开始考科三考试
6,啊啊啊坤坤我来了
7,顾以森报道哈哈哈哈哈哈哈哈哈
8,姐姐冲啊
9,来啦，打call姐姐们
10,来了来了！！！
11,这是一公的造型哎
12,天天天，可可第一
13,来了来了
14,啊啊啊啊啊郁可唯我来了
15,黄小明，面对姐姐们要挺住啊
16,终于来了！！！
17,为了宁静来的，开了会员
18,我来了我来了我来了我来了我来了姐姐们冲冲冲哈哈哈哈哈
19,啊啊啊啊啊啊啊啊姐姐们我来了
20,宁静  宁静  宁静  为您打call  
21,我是看到杜华哭了所以特意回来重温一下第一集的
22,这里的姐姐都好彪悍啊，怕了怕了
23,来啦哈哈哈哈哈哈哈哈哈哈哈哈哈
24,啊啊啊啊啊居然就悄无声息的播了
25,来了
26,来了
27,来了来了看姐姐
28,姐姐们，我来了！
29,来看孟佳孟佳孟佳！
30,开场白梦回srrx晰哥低音
31,宁静宁静！
32,黄晓明开始历险可还行
33,看了好几遍啦   姐姐们 加油啊
34,哪个姐姐我都想pick
35,静静子，我来啦！！！！！！
36,为吴昕而来😍😍给我冲啊姐姐！！！
37,金晨金晨金晨金晨北舞校花
38,付仙女，爸爸爱你
39,来了来了来了！！！！给姐姐们打call！！
40,来看宁静了 哈哈
41,看了觉得伊能静姐姐好温柔！
42,刷第二遍了，全部看完要五个小时，哈哈哈
43,昕姐昕姐加油加油(ง •̀_•́)ง
44,姐姐们我来了
45,哈哈哈千呼万唤始出来啊
46,看多了其他的选秀节目，把姐姐们想得简单了
47,哈哈哈哈哈哈我来了姐姐们
48,万茜冲啊！！！！筒子来啦！！！！
49,这个综艺我锁了
50,晓明哥的微博，每一位哈哈哈哈哈哈笑死我
51,哈哈哈我是来看各位漂亮姐姐互撕的哈哈哈哈
52,万茜冲啊！
53,我又听了一遍文案，这个写文案的员工加鸡腿
54,小明历险记哈哈哈哈哈
55,没有一点点防备你就这样出现
56,给绮绮子排面！
57,姐姐们都好爱(๑°3°๑)
58,哈哈哈哈哈哈   来了来了
59,听说这个综艺很有话题度，过来看看
60,至今为止这是唯一一个点击量能与奔跑吧兄弟比的
61,这个文案爱了
62,来了来了哈哈哈哈哈 让我来康康
63,昕昕子给我冲冲冲冲冲冲冲冲冲冲
64,姐子们我来看你们了！
65,芒果搞快点 下下一集快点出啊！！！！
66,啥时候开始的，没一点消息
67,期待吴昕！！！！
68,来了来了姐姐们我又来了
69,啊啊啊啊为了莎莎才来的！！金小莎我爱你！！！
70,终于等到了啊啊啊，啊啊啊啊啊
71,不错子 来了啦了
72,吴昕加油！你一票我一票明天吴昕就出道
73,期待金晨
74,姐姐们我来啦
75,哈哈哈哈哈就我是冲海陆来的吗
76,再来看一次，我要仔细的看Yumiko！
77,郁可唯！！？！
78,吴昕加油
79,姐姐们冲鸭
80,佳菲猫 miss a冲啊！！！！
81,喜欢李斯丹妮跟含韵，丁当，宁静，
82,啊啊啊啊啊啊啊啊啊啊霏霏给我冲鸭！！
83,屈服在抖音的轰炸之下，来看，2050.7.24号
84,必须留名啊！可以载入综艺史册的！
85,姐姐们我来了
86,这个旁白人声可以，表白这个旁白人声小哥哥
87,啊啊啊啊啊，乘风破浪的小姐姐们我来了！攒了两期还是没忍住就来了。哈哈！
88,万茜万茜我爱死你啊啊啊啊啊啊啊啊啊啊啊啊啊啊啊啊啊啊啊啊啊啊啊啊啊啊啊啊啊啊啊啊
89,欣姐加油欣姐加油
90,终于等到你
91,特意冲了会员
92,姐姐们我来啦！！！
93,这是不是花少的背景人声
94,啊啊啊啊姐姐蓝盈莹pick她！！❤️❤️❤️冲啊！
95,来了来了姐姐们好
96,考虑很久还是来了
97,吴昕  金晨   宁静   张雨绮出道吧
98,来看姐姐了！！！静姐冲！！！
99,王霏霏 孟佳missA大前辈冲冲冲！！
100,有人说不够流行就不够资格哈哈哈
101,为姐姐们加油 不一样的女团 跨界勇敢 蓝盈莹金晨 黄晓明制作人主持加油 教主暖心
102,吴昕姐姐，加油加油💪，你一票我一票明天昕姐能出道。
103,孟佳霏霏加油
104,海陆的当时是说自己的 而且声音很小
105,我怀疑会出一部新综艺叫逆流而上的哥哥
106,来啦来啦，淋雨一直走前来打call，昕昕子冲啊
107,姐姐们冲啊！！！！！！！！！！
108,我大湖南台还是牛
109,万茜冲冲冲
110,王霏霏 孟佳冲啊！！！！！
111,姐姐们最牛 冲！！！！
112,蓝盈莹 沈梦辰 吴昕 给我冲！！！
113,万茜姐姐姐姐我来了啊啊啊啊啊啊啊啊啊啊啊啊啊啊啊啊啊啊啊啊啊啊啊啊啊啊啊啊啊啊啊
114,我来了！！期待万茜
115,金晨加油！
116,刚冲的会员，听说挺好看的
117,第一第一，期待姐姐们
118,啊啊啊啊啊，期待已久
119,"哇哇哇,等好久了，居然悄无声息的开始了"
120,为所有姐姐打call
121,我来了我来了宁静姐加油张雨绮加油吴昕加油
122,好多姐姐都好喜欢
123,来了。。。来了 !!! 
124,声音真好听，感觉这节目高大上
125,本来是我不想看的，后来朋友的推荐就看了
126,"是时候告诉大家我喜欢谁了
 
 
 
 
 
 
合上吧 我就喜欢红包~"
127,宁静姐姐！！！（尖叫！）
128,你一票，我一票，姐姐都出道
129,女王们！！！！！！！我来了！！！！！！
130,为晓明来的，他最近演的鬓边不是海棠红超棒
131,天哪陈松林就是小时候觉得那个很漂亮的女演员
132,每次都是为了看综艺开VIP😭
133,为静姐打call
134,第二遍我来了哈哈哈哈哈
135,这个旁白是不是王晰啊，跟声入人心好像
136,来了老姐
137,来啦  姐姐们冲鸭
138,这段话让姐姐说啊
139,爱宁静，爱金晨
140,我的妈，才知道可以看了
141,为了看这个综艺专门开的会员哈哈哈哈哈
142,来啦来啦！！！姐姐们冲鸭！！
143,郁可唯冲
144,吴昕 加油(ง •̀_•́)ง
145,哇哦
146,高跟鞋哒哒声听到就有气势
147,为了看  直接开了个会员
148,王霏霏 孟佳 金晨💙💙💙💙
149,来了来看火爆这个夏天的是什么好看的
150,欣欣子(ง •̀_•́)ง
151,欢迎收看《晓明历险记》
152,陈松伶，唱的比原版还要好啊，好给力
153,来喽
154,为什么没有徐怀钰？？？？？？？？？？
155,充了发现不充也可以看哎
156,这就开始了？
157,来看美昕啦
158,冲呀 琦琦子
159,郁可唯冲
160,期待姐姐们～来啦
161,啊啊啊啊啊啊啊啊啊啊啊来了姐姐们我来了
162,第一次追选秀综艺就交给姐姐们了
163,万茜姐姐我来了！万花筒给你撑腰了！
164,为黄晓明打call哈哈哈哈
165,我不喜欢看选秀，但这个的精彩吸引我了
166,冲鸭姐姐们
167,等我下班在看
168,猝不及防的开始了
169,昕昕子
170,金沙 吴昕 张含韵!!!
171,工作人员辛苦了
172,我来啦  特地续费我的会员来啦 来看姐姐们
173,晓明哥加油 挺住哈哈哈哈哈哈哈哈哈
174,本年度最期待的综艺哈哈哈哈哈哈哈
175,我是朋友介绍过来看的，听说很搞笑，期待！🤣
176,你一票我一票，姐姐们明天就出道，冲呀琦琦子和昕昕子
177,55555爱死茜茜子了
178,啊啊啊啊啊，乘风破浪的姐姐们，冲啊
179,来啦！期待(๑˙ー˙๑)
180,表示敬佩节目组
181,张含韵，仙女，出道吧
182,被妈妈安利(ღ˘⌣˘ღ)
183,终于等到你！
184,姐姐们冲啊！！
185,张雨绮，宁静冲啊啊啊啊
186,哈哈哈哈哈  激动
187,昕昕我来了
188,姐姐们冲呀
189,来了来了，来看孟佳和霏
190,昕昕子加油！
191,宁静大姐大   最爱
192,李斯丹妮冲冲冲
193,唯唯子冲啊！！！！！！！
194,张含韵加油加油哦💪。 2020.7.4
195,昕姐
196,我竟然知道12点开始
197,加油(ง •̀_•́)ง
198,终于能看正片了
199,终于开播了。
200,来了来了
201,静姐~宁静~
202,来啦！！~~~
203,我来了！！！
204,来了
205,昕昕子加油！
206,吴昕沈梦辰钟丽缇伊能静冲鸭！！！
207,来了来了，为什么一点消息都没有
208,来了来了，从不追综艺的我
209,四刷！！！！！芒果给我搞快点！！！！！
210,姐姐们我来了
211,什么时候播的，怎么不知道啊
212,和景元一起为万茜姐姐打call
213,文案走心了，不愧是芒果台
214,晓明哥应该退位让贤给我们朱一龙哥哥啦
215,姐姐们～(￣▽￣～)~，冲鸭😆😆
216,昕姐加油(ง •̀_•́)ง
217,昕昕子我和你一起乘风破浪
218,这个字幕咋回事啊，只能看一半儿
219,昕昕子冲呀！
220,熊奥在看吧
221,撕起来时候想想都非常有看点!!
222,miss A冲啊
223,第一次追这个类型节目
224,开始的这段前言，实在是泪目！
225,感谢这个节目让我爱上万茜，20200822回头打卡
226,来了来了
227,我来啦哈哈哈哈
228,不要惹30岁以上的女人
229,每个年龄都有自己的魅力。冲就完了。
230,美女们等着我哈😄
231,张含韵怎么越来越可爱了
232,昕姐加油，fighting！！！
233,8月16日前来重温，希望节目组记得初心
234,来看小明历险记啦哈哈哈哈哈哈哈哈哈
235,昕姐冲冲冲
236,金晨给我冲！
237,有综艺追了
238,啊！！！！来啦来啦！！！！
239,郑希怡。阿朵
240,昕姐冲吖
241,哇😯100分钟？
242,我爱姐姐们
243,为什么我的和别人的不一样
244,郑希怡，陈松伶，丁当，钟丽缇加油，冲啊，姐姐们
245,为了姐姐充了会员！！！！
246,含韵含韵
247,金晨冲冲冲
248,怎么首页连推送都没有啊，翻了好几遍都翻不到
249,万茜 加油 冲🦆
250,如果有乘风破浪的哥哥，我首推朱一龙哥哥！
251,针对城市白领与喜欢姐姐的人们加上中年男子....的节目
252,Wa感觉这综艺才是正能量 
253,万茜小姐姐冲
254,给嘉尔pick的姐姐打call
255,王霏霏 ！姐姐加油💪
256,浴室歌姬来了，我要扛着浴缸追随！
257,郁可唯 11年了  爱你 冲冲冲 
258,乘风破浪的姐姐们 ，来了来了
259,中年选秀节目，参赛的都超过30l
260,梦辰冲呀冲呀！
261,看背影就是兰花草我爱了
262,来啦来啦来啦来啦啊啊啊
263,姐姐们冲冲冲！！！昕姐冲冲冲！！！
264,姐姐们，小雨我来了
265,吴昕冲鸭！！！！
266,郁可唯沖鸭
267,鲜花和征途 圣依小姐姐
268,姐姐们给我冲
269,我来了我来了
270,张含韵这么多年都没怎么变，真是娃娃脸
271,宁静冲呀！！！
272,要不是为了张雨绮 谁会充VIP啊啊啊啊啊
273,张含韵，是我的青春
274,姐姐们，加油＾０＾~
275,宁静姐姐冲冲啊冲冲冲
276,含韵真的看起来好年轻
277,姐姐好飒
278,昕昕子加油(ง •̀_•́)ง
279,含韵 盈莹藏不住了 爱了这个节目
280,小花小花你最棒
281,愿大家都有个美妙的夏天:D(⁎⁍̴̛ᴗ⁍̴̛⁎)
282,张雨绮冲鸭！！！
283,老子是来看万茜的
284,是王晰念的旁白吗！
285,含韵三十多了？？？我一直觉得她才二十几岁
286,真帅啊好棒的陈松伶
287,开头好像金陵十三钗那种风格
288,吴昕沈梦辰
289,你一票我一票，昕姐明天就出道
290, 欣姐加油，我quick你哦！
291,姐姐们冲鸭
292,在线call007
293,我来了我来了
294,大型吃瓜  来啦 来啦
295,每个姐姐都好喜欢
296,王鸥 杨蓉 我大明侦！！！冲呀！！！
297,抖音视频上来的特别喜欢
298,冲鸭姐姐们
299,这个我喜欢妞多注意进化自己词典别中文鸟语和破词
300,都不知道播了
301,霏霏王霏霏美死了
302,郁可唯啊啊啊啊
303,含韵冲冲冲！！！！
304,姐姐们加油呀 看好你们哦
305,喜欢这个气场
306,吴昕小姐姐加油
307,霏霏和佳冲啊
308,路人打卡！希望吴昕，沈梦辰，金晨能出道，这三个人性格都很好
309,李斯丹妮
310,绝美姐姐，太飒了
311,啊啊啊啊啊啊！都好喜欢我的妈！
312,白冰姐姐我来了嘿嘿嘿
313,郁可唯我来了
314,啦啦啦都不知道开播了
315,绮绮子我来看你了
316,期待期待
317,冲呀姐姐们！！
318,孟佳冲鸭
319,姐姐们冲鸭
320,姐姐们身材好好哦
321,张雨绮万茜钟丽缇啊啊啊麻麻爱你们
322,啊啊啊啊为姐姐们打call!!!!!
323,成功的女人们来了
324,给姐姐们摁棒！！！姐姐们加油鸭！！
325,竟然藏这么严实~~~~~~~~~~
326,姐姐们冲啊啊啊啊啊！！！！！！！！！！！！！
327,唯唯子沖鸭
328,今年最期待的节目开播啦，喜大普奔
329,张含韵给爷冲！！！
330,来咯  专门开了个会员
331,宁静真的很漂亮，超美丽，很有魅力，很有个性
332,姐姐们身材都不错阿
333,乘风破浪的姐姐们冲鸭！
334,默默努力然后惊艳所有人
335,我的妈姐姐们都太好看了吧！！！！
336,支持各位姐姐
337,姐姐们，冲鸭
338,陆陆子加油！！！！
339,墓道歌姬给我冲冲冲！！！！！
340,这个开头词是谁给的？
341,这个节目真的太有意义了
342,王丽坤
343,哈哈哈哈哈哈哈哈来啦
344,含韵姐姐加油啊，我爱你！！！
345,比其他选修好看
346,我也是30+小姐姐，来看姐姐们
347,有内味了，
348,张含韵冲冲冲
349,坤坤子冲啊
350,白冰，为你打call
351,特地充了会员
352,姐姐们我来啦！！！
353,吴昕吴昕
354,张含韵我来啦
355,张含韵万茜冲啊！！！
356,会不会以后有个披荆斩棘的哥哥们，哈哈哈
357,93年。即将步入30岁，。喜欢这个节目
358,一直重新刷，直到更新
359,昕昕子你是最美的！！！
360,果然是姐姐，讲话的意思就是不一样
361,孟佳冲鸭！！！
362,姐姐们加油啊
363,旁白小哥哥是如果国宝会说话的小哥哥吗
364,爱了爱了，姐姐们都好强呀！
365,万茜冲鸭！！！
366,等了好久，播了居然都不知道
367,好帅呀陈松伶，给我们带来的感觉好好
368,喜欢姐姐们，可爱成熟性感简单大方
369,姐姐们我来啦~茜茜子，绮绮子冲鸭
370,姐姐们给你们排面！
371,哇~万老板声音一出来就绝了！！！！
372,给万老板排面
373,万茜姐姐！！！
374,万茜姐姐啊啊啊啊啊啊
375,万崽你是最棒的 冲冲冲
376,昕姐，王丽坤、万茜、张含韵给我冲！
377,万茜万茜！！
378,我居然不知道投谁了  都喜欢
379,王霏霏！孟佳！张含韵！李斯丹妮！冲呀！！！！
380,张含韵30岁了？？？看着像20几岁
381,基本上都是喜欢的小姐姐，吴昕要加油呀
382,姐姐们终于
383,最有魅力的年纪 气场强大
384,万茜我来啦
385,昕昕子
386,姐姐们加油
387,来了来了来了  终于来了
388,来了来了，姐姐们，CYCU吴高音冲鸭
389,万茜啊啊啊啊啊！！！
390,姐姐们我来了
391,宁静 冲
392,张含韵姐姐冲冲冲！加油
393,期待已经很久了终于看到了
394,一起看的扣个一
395,茜姐背影都是最吸引人的，为她而来👍
396,吴昕冲呀
397,单身的姐姐@出来，弟弟我想少奋斗几年
398,昕昕我来了
399,万爷。加油😊
400,啊啊啊啊啊啊啊啊，期待已久，终于等到你
401,为什么我是来看黄晓明的，是我太奇怪了吗
402,万茜我爱你！！！
403,你一票我一票，昕昕明天就出道
404,三十岁的姐姐最有魅力啊！姐姐们冲呀！
405,万茜加油啊
406,万老板，做我的1！！！！
407,三个女人一台戏，这一台戏的女人…是电视连续剧呀
408,都是神仙姐姐
409,茜茜子，我来了
410,梦辰姐姐，妮妮来了
411,来了姐姐们爱你们
412,我竟然错过了准时跟姐姐们say嗨！！！！
413,张含韵太好看了
414,白冰女神 我来了！
415,茜茜子冲鸭
416,宁静我来了！静静子冲鸭
417,只能期待下 一期！！！！又得再等一个星期AAAA
418,这个主题我爱了
419,说实话，这个真的比创造101好了无数倍。
420,突然就觉得万茜好好
421,好感动，等我30也要这样美
422,大家都好好看
423,啊啊啊啊 各位姐姐们加油！！！
424,姐姐们也都太帅了吧
425,我来了 我来给万茜当粉头
426,黄圣依冲鸭
427,好多我爱的姐姐都在!开心
428,蓝盈莹姐姐冲啊啊啊啊！！！！
429,李斯丹妮我来了
430,伊能静姐姐说的很对啊，不管怎样都是我们的选择
431,这个节目应该叫最卑微的节目组
432,白冰冲鸭！！！
433,30朝上的女人最美丽，最有魅力
434,给昕姐排面！吴昕给我冲！！！
435,万茜
436,陈松伶漂亮的女神，唱的太好听了
437,aaaaa绮绮子冲啊！C位出道！
438,芒果可以的
439,昕昕加油！！
440,伊能静  伊能静  榜样  
441,也是听大家说不错，热度很高，来吧，也来看看呢
442,这是重新出道吗，各行各业已经出名的明星，选女团？
443,茜茜爱你爱你
444,万茜👴🏻爱你么么么么么哒
445,姐姐们，奥力给
446,我来了！！！姐姐冲啊！！！
447,我太喜欢万茜姐姐了！
448,节目组的嗅觉真灵敏，知道很多大龄女都曾经有个女团梦
449,吴昕吴昕，给我冲
450,姐姐们太飒了
451,万茜真的太好看了
452,大vocal郁可唯啊啊啊啊啊啊
453,我都31了觉得好恐慌迷茫像个空壳 不知道以后会怎样 感觉好凄凉呀
454,陈松伶，真好听哦，歌声好动人
455,三十＋的女人最有魅力
456,三十岁和十八岁一样，是美好的值得被反复歌颂的年龄
457,吴昕我来了
458,啊啊啊啊啊啊啊啊万茜冲鸭！！！！！
459,姐姐们我来啦
460,丽坤，喜欢你八年了
461,李斯丹妮冲压！
462,吴昕
463,万茜万茜！万茜姐姐加油！
464,吴昕
465,昕姐宁静姐加油！
466,万老板 我来了呜呜呜呜冲冲冲
467,万茜万茜，冲鸭！！！
468,姐姐好飒
469,万茜  加油加油  爱你
470,钟丽缇加油，雅雅姐加油，晓明哥加油
471,有乘风破浪的哥哥吗？
472,欣欣子冲哈👴🏻爱你么么么么么么么么么么么叽
473,是因为都是惹不起的人所以谁都不敢剪才这么长嘛？
474,万茜冲鸭
475,不就是缺钱了嘛
476,超喜欢万茜姐姐，加油＾０＾~
477,万茜冲冲冲
478,孟佳宝贝 我来啦
479,白冰太美了
480,加油，昕昕子
481,姐姐好飒！！！
482,万茜！宁静！张雨绮！
483,为了万茜来的，又美又飒的姐姐啊
484,张含韵加油＾０＾~，小时候特喜欢你的贴纸哦⊙∀⊙！
485,金晨！！！！！
486,给姐姐们排面整起
487,姐姐们的业务能力没得说
488,都想pick
489,丁当我来了  冲呀
490,让一妻多夫来得猛烈些吧！
491,万茜我来了！！！！万老板冲鸭！！！！
492,全中国！超人气选秀！出现了！
493,我又要搞选秀了，还不是一般的选秀，真香
494,好艰难…………回纥好像不能勉强就在这里举行
495,啊啊啊啊啊啊啊啊啊啊姐姐我来了
496,姐姐们我来了……宁静姐我来了啊啊啊啊
497,想看晓明被姐姐们怼哭啊哈哈哈哈哈哈
498,我擦 ！万茜！！我的最爱
499,而且三十真的不大啊
500,白冰 金晨 love
501,这个开头听一次哭一次
502, 姐姐加油 王霏霏
503,这哪一个放现在女团都是c位呀
504,32岁单身，啥都没有
505,什么年代了还拿30坎说事……
506,小雨是最棒的!
507,因为我们做不到，他们做了我们最想做的事，所以看这很幸福
508,芒果我最敬佩的电视台
509,30而立的魅力无人能比
510,那是金晨吗？好好看！
511,这些姐姐们的浪太大了  我们坚持越久  浪越大
512,张含韵冲冲冲
513,妈呀熬夜看这个刚刚才借的会员。激动
514,李斯丹妮，冲冲冲！！！！
515,吴昕，沈梦晨
516,吴昕！！！！
517,含金量太高了，没有不爱的。
518,王丽坤  万茜
519,你一票我一票，茜姐明天就出道
520,茜粉集合了！！！！！！
521,开场这段开场白耳机听！！！！！
522,文案可!
523,黄圣依！我来了！绝美vocal依依子！
524,金莎 金晨 张含韵  白冰  万茜  加油
525,王霏霏！
526,万茜姐姐你的黄金时期来了
527,金晨呀
528,妈耶，太燃了！
529,万茜
530,来看张含韵小姐姐
531,来了来了
532,2020.7.28晚上11.30开始观看
533,旁白爱了
534,砺砺而行
535,姐姐们好美
536,吴昕  万茜  金晨  王丽坤我都爱
537,文案超可！！！同为30岁 感动的想哭
538,虽然有几个姐姐是真的惹不起系列但是不是所有的姐姐都惹不起
539,如果有江疏影就好了
540,吴昕冲鸭
541,以前老在想这些姐姐要是能组女团简直火爆
542,开播了！啊啊啊啊
543,小明历险记开始啦
544,特意办了会员来了。
545,白冰，金莎，张萌，神话三美世纪同框
546,张雨绮冲冲冲
547,姐姐们可都是30打底啊  
548,加油(ง •̀_•́)ง姐姐们
549,啊啊啊啊啊 白冰姐姐我来啦！
550,姐姐们我来了
551,姐姐们都是人间清醒
552,不是三十而立吗
553,我看哭了咋回事，我才二十岁啊
554,任何时间都是我们的黄金时期
555,万茜张雨绮吴昕沈梦辰，，，，姐姐们，冲鸭
556,三十而立，四十二知天命，五十而耳顺，六十而从心所欲不逾矩。
557,加油姐姐们，加油我自己
558,陈松伶太厉害了，声音无敌了哟
559,要是林志玲姐姐也能来的话直接出道！
560,王霏霏
561,姐姐们加油(ง •̀_•́)ง
562,姐姐们冲鸭！！！奥利给！！
563,万姐综艺amezing
564,吴昕吴昕
565,注意：10岁来的！！！！！！！！！！！！！！！！！！！！！！！看见了吗？
566,冲姐姐们！！！
567,旁白爱了爱了，终于来了
568,姐姐们，我来了
569,为什不打名字，我不是全认识啊😂
570,姐姐们都太棒了
571,来啦来啦姐姐们我来啦hhhhhhhhhhhhh
572,哇！！！！姐姐们太飒啦！！！
573,我哭了我哭了
574,姐姐们加油(ง •̀_•́)ง欣姐加油(ง •̀_•́)ง
575,吴昕冲啊
576,吴昕吴昕啊啊啊
577,吴昕姐冲啊！！！
578,30岁之后基本就靠化妆品了
579,静姐冲呀！！！
580,静静子加油↖(^ω^)↗
581,芒果台的文案写的很好！姐姐们冲鸭！！！
582,我万茜呢
583,昕姐美美哒
584,提前祝张雨绮姐姐生日快乐🌚👍🏻💦
585,来了来了！姐姐们冲
586,今年三十了，三十而已三十而励各种提醒我闯了个鬼
587,为昕昕而来！！！
588,厉害啊芒果台
589,啊啊啊啊啊啊啊啊，昕姐
590,昕昕加油冲冲冲(〃'▽'〃)
591,真的播了哈哈哈哈 我来了
592,李斯丹妮冲!!!!!!!!
593,这姐姐们的皮肤跟20多的有啥区别
594,昕昕子冲啊
595,吴昕吴昕冲鸭冲鸭
596,30岁的女人最有味道
597,昕昕好美
598,喜欢姐姐！！！！！喜欢姐姐！！！
599,吴昕 加油啊啊
600,超美的昕昕
601,昕姐加油(ง •̀_•́)ง，你值得美好的
602,吴昕！！
603,姐姐们冲呀！！！
604,张含韵加油加油加油
605,非得强调30岁吗
606,昕昕子冲鸭
607,昕昕，冲呀😁
608,吴昕出道！！！
609,昕昕加油
610,昕昕子加油冲冲冲！！！
611,昕昕加油
612,天哪第一次看选秀综艺，竟是为了万茜
613,娱乐圈对三十以上的女星实在不太友好
614,孟佳加油
615,解解们，天津人来报道了
616,是为我家雨绮姐姐来的🌝✨
617,张雨绮C位出道
618,昕姐加油
619,雨绮  雨绮 宁静 宁静 吴昕 吴昕 冲冲冲
620,万老板万老板！！！
621,蓝盈莹 冲啊！！！！！！！！！
622,不是女生，是女生她妈妈！
623,吴昕你可以！
624,昕昕子最棒
625,吴昕怎么也来了。。。
626,昕昕加油！！！！         昕昕昕昕       昕姐加油加油gogogo
627,这个节目火，是因为女人都会老，再者就是30个女明星
628,姐姐们我来了
629,王丽坤！！！
630,昕昕，冲鸭
631,为万茜而来！
632,小姐姐们大家都加油呀
633,都好有魅力
634,姐姐们都给我冲呀
635,吴昕！！
636,昕昕子加油鸭!!!♥♥♥
637,吴昕为你点赞！
638,吴昕
639,喜欢吴昕了 她好努力
640,唇妆好像都太厚了.   
641,太牛了这综艺哈哈哈哈哈哈
642,伊能静太可了，50多岁了……年轻20多岁！
643,吴昕出道
644,怎么办  姐姐们都喜欢
645,人生的见证者越来越少但是还能够做到的一些东西越来越少其实可以做很多事儿好可以
646,我之前看标题以为是个旅游节目😂
647,为吴昕而来，加油！
648,你一票我一票明天霏霏就出道
649,这么想想，10年后我也30了！
650,一线女星来了吗
651,姐姐们太美了都不想争了
652,没有 更新看的我只能回来n刷
653,吴昕冲啊！！
654,能播出真不容易，审片一定要了命了
655,吴昕加油
656,全世界最优秀的爱豆 昕昕子加油
657,梦晨姐姐加油丽坤姐姐加油黄圣依姐姐加油啊啊啊
658,妈耶太喜欢了！
659,明星们比赛好玩
660,节目主好有钱
661,这个节目的意义就在于姐姐们表现出来的女性魅力吧？
662,吴昕加油，终于不在是小透明了
663,这些姐姐都大于30，说30又怎么呢？娱乐圈女人30定律呀
664,30就是个界定嘛？不觉得！女人，永远🈚️界定！！
665,为所有姐姐打call
666,姐姐们冲鸭！！
667,哇哦~姐姐我来啦~~姐姐们好棒~~~
668,滴滴滴第一吗
669,觉得我们女人越来越强大了
670,三十而立不仅限于男人 我们女人也可以
671,姐姐们好飒
672,佳和霏漂亮姐姐一起冲
673,吴昕加油
674,加油加油(ง •̀_•́)ง也送给最好的自己
675,啊啊啊啊啊啊啊啊，我果然是喜欢姐姐的，一群姐姐，爱了爱了
676,missa冲啊
677,雨琦排面!!!!!
678,这段文案写好棒啊
679,这配音是变形计么
680,吴昕加油！！！
681,伊能静四十多了吧
682,为万茜李斯丹妮来的 应该把许菲换成刘忻
683,没有了微博我感觉我与世界脱轨了还好看到了
684,张雨绮张雨绮
685,怎么节目，刚开始我就感觉要结束了一样，这个画外音真的好有记录片的感觉。
686,昕姐出道昕姐昕姐昕姐，加油加油加油加油！
687,都好漂亮啊
688,陈松伶太美了，小姐姐好可爱
689,昕昕子冲啊
690,避讳提30岁的人才最在乎年龄
691,万茜！
692,你一我一票，东北赫本要出道！我欣加油(ง •̀_•́)ง
693,姐姐们加油，昕姐加油(ง •̀_•́)ง！！！！！！！
694,终于开播了，等到地老天荒啊！
695,昕昕冲鸭
696,王丽坤！！！
697,王丽坤  万茜两位姐姐 期待哦
698,这群才是最漂亮的，年轻那些流量明星没法跟她们比
699,雨琦姐姐加油冲鸭！
700,吴昕都30多了啊。看来我们都老了
701,吴昕最棒 冲鸭！！！
702,哎呀要pick好多
703,昕姐加油加油加油！！！！
704,有区别，她们皮肤比20岁的我还好😭
705,给姐姐们打call
706,妈妈啊，啊啊啊啊啊啊啊啊啊啊太飒了，我好爱！！！！！！！！！！！
707,不愧是已经出道的
708,支持万茜支持黄龄龄。
709,万茜真的一颦一笑好吸引人
710,王丽坤我来了
711,好多就是很眼熟的姐姐，她们都好好看哒
712,姐姐说的对！！
713,文案真棒
714,吴昕昕子加油，冲鸭
715,金莎啊！
716,宁静！！！静姐！
717,天哪这段我两遍都看哭
718,晨晨子冲鸭！！！！！！！！！！
719,太励志了说的真好
720,吴昕昕
721,现在的00后都管90后叫大姐大叔😂
722,蓝菲琳！
723,芒果好会
724,30岁的我，人生也才开始。。
725,天哪，昕昕真好看
726,呜呜呜，姐姐们真好
727,李斯丹妮给我冲冲冲！！！
728,肯定故意停的 姐姐们太火了
729,张雨绮张雨绮
730,啊   不凡的人生！   真的
731,万茜 张雨绮 宁静 冲啊！
732,张雨绮！冲！
733,啊蓝盈莹冲冲冲
734,我仍然想过一种不凡的人生
735,姐姐们魅力十足，有呢味嘞。
736,姐姐们都好棒 吴昕冲鸭
737,蓝盈盈好好看啊
738,昕昕子加油
739,万茜、金晨，请狂风巨浪出道
740,张雨绮，冲呀
741,金莎姐姐给我冲啊
742,姐姐们你们好美我的天
743,芒果台做综艺真的很绝。让你就想看
744,我看到昕了
745,姐姐们真好看
746,万茜姐姐！来啦！
747,金晨、张含韵，加油💪
748,昕昕子加油
749,这些姐姐都好好看  活的精彩才是最重要的
750,姐姐们绝了
751,姐姐们成团至少要走霸总风啊，别给我看扮嫩
752,金晨好好看
753,金晨我的小甜豆加油呀！
754,吴昕绝了！！！！
755,啊啊啊啊啊姐姐们太好看了！(⁎⁍̴̛͂▿⁍̴̛͂⁎)*✲ﾟ*｡⋆♡ོ
756,吴昕 我来了
757,哇哦  好励志好励志
758,只要你们努力了，就都可以的！
759,金晨好美啊，我看见她就心跳加速，呼吸困难
760,罗云熙在看吗
761,吴昕好好看啊啊啊啊啊啊
762,静姐！！！！！！！！太飒了
763,看的好想哭刚开始就好想哭感觉很不容易
764,昕昕子啊啊啊啊啊，姐姐们都好美
765,看到姐姐们，电视剧电影自动在脑海浮现
766,金莎依然那么漂亮
767,姐姐们都好好看啊
768,你一票我一票，东北赫本要出道！
769,姐姐们好美！
770,姐姐们    爱了(⑉°з°)-♡
771,这一个个太好看了比现在千篇一律的网红脸好看多了
772,这挺励志啊太可了
773,万茜!蓝盈莹!宁静!张雨绮!冲冲冲!
774,都是三十岁以上吗
775,姐姐们谁能把一公开场舞的舞台完整版发一下
776,躲过了青春有你创造营没躲过姐姐们哈哈
777,别鸡汤了，就是戏少增加曝光
778,为了宁静来的！！！冲
779,蓝盈莹c位出道吧
780,为什么不打名字呢
781,这么好的歌声，特别的动听哦陈松伶
782,晓明哥冲啊
783,姐姐们太好看了，一个个都好有气质
784,静静！！！！！
785,为了宁静 期待宁静
786,静静子！！
787,每一个人都喜欢
788,我去  都给我看哭了！姐姐们说的真好！！
789,我天 都好好看啊😘
790,这个节目绝了啊啊啊
791,宁静给我冲aaaaaaaa   出道出道 
792,哇 应该会很好看吧
793,温柔俏皮少女昕 稳稳绑住我的心 ❤️吴昕冲鸭！
794,我来啦   都不知道开播了
795,几乎姐姐们   都有回忆的画面    主要蓝菲林进来的啦
796,出道人太少了
797,我爱了芒果台一出手就知有没有
798,姐姐们来了  哥哥们还远吗
799,啊啊啊啊我是宁静的粉头哦哦哦静姐冲鸭
800,姐姐们的气质真的太好了吧！！！！！！！
801,我的金莎姐姐依旧那么美丽，小川还在等你呢，素素
802,？蓝盈莹不是90后吗
803,完了，我就看了一个开头我就觉得好热血啊
804,都好漂亮
805,宁静给我使劲冲，你要努力啊宁静
806,姐姐们冲啊！！
807,姐姐们太有魅力了都   独立女性啊  加油
808,昕昕加油(ง •̀_•́)ง
809,宁静姐加油
810,你不投，我不投，昕姐何时能出头
811,盈莹姐姐爱你
812,好喜欢啊~~~哭了~~就是我现在正在经历的
813,哈哈哈不是你们是小明乘风破浪
814,期待吴昕
815,"第一期，留个名,喜欢宁静"
816,静姐是来玩的吧哈哈哈哈
817,哇这个节目绝了，全是仙女啊
818,永远记得金莎的蓝菲琳，素素。张萌的小月，高岚。静姐的大玉儿
819,昕昕子加油！！！乘风破浪！！！
820,比那些20岁的小姑娘看着有气质多了
821,文案好棒啊!!!
822,节目组也是勇，期待！
823,神话三美冲冲冲...............
824,舞台也漂亮
825,超漂亮的姐姐们╭( ′• o •′ )╭☞
826,来看虐导演的哈哈哈哈哈
827,芒果的文案，牛
828,姐姐！我这个小老姐姐也来了
829, 张雨绮宁静给我高位出道
830,每个我都好喜欢怎么办啊
831,好多姐姐都看不出来30了都很漂亮啊
832,都有姐姐了，谁还看妹妹呀！看姐姐的叫我一个！
833,宁静！冲冲冲
834,文案真的太好了！！！芒果还是你芒果！牛！
835,张雨绮我爱你
836,姐姐们都美呆了，我三十也要如此少女感
837,听着汗毛都立起来了，激动。必火🔥
838,这个文案好棒
839,这个文案绝了
840,这文案可以啊
841,宁静越来越年轻了
842,哇！这次的旁白很棒啊
843,好多美女啊！每个姐姐我都很喜欢，姐姐们加油，冲鸭
844,芒果还是综艺大哥大，这创意，这阵势
845,湖南卫视就是牛，一下请这么多女明星
846,芒果好评
847,30岁是个坎，希望自己也可以突破自己，也希望每个女人都能成为更好的自己
848,唯一能和德云社pk的团体
849,确实很燃很励志 我马上就要30了，看了这个感觉30很美好
850,文案绝了！
851,芒果的文案是真好
852,写文案的都在哪请的
853,90后怎么了 90后也30了好不
854,姐姐们好美！！！！！！！
855,蓝盈莹c位出道啊啊啊啊啊啊啊
856,哇这个文案太优秀了
857,说90后的那位，最早的90也31岁了
858,这个场景好飒！文案也棒棒哒！喜欢！笔芯(*˘︶˘*).。.:*♡
859,沈梦辰加油
860,万茜加油(ง •̀_•́)ง爱你
861,未金晨盈莹而来
862,万茜冲冲冲
863,姐姐们太飒了啊啊啊
864,自信独立的姐姐们
865,啊啊啊啊姐姐们我爱你
866,从小就喜欢昕昕，每次看快本都在看昕昕(๑′ᴗ‵๑)ＩLᵒᵛᵉᵧₒᵤ❤
867,静静太好看了吧
868,芒果台的文案真的太绝了
869,芒果的文案，美工，创意都是棒棒哒
870,看完乘风破浪的姐姐 想要披荆斩棘的哥哥
871,100分钟，时长好感人
872,姐姐们就是给不同类型的女生一个不同的榜样，挺好的喜欢
873,芒果台就是不一样，一直是中国先锋
874,这个文案满分啊啊啊啊
875,这文案好有感觉，想哭啊
876,文案太爱了，反反复复不知道听多少遍
877,昕昕子我来啦
878,破姐姐 我来了
879,昕昕加油爱你(ɔˆ ³(ˆ⌣ˆc)
880,文案太好了
881,姐姐们，冲啊！！！
882,姐姐们我来啦
883,啊～姐姐们，我爱你们。
884,这节目是真的可以！！！！大爱！！！！
885,姐姐们真的越来越好看了！！
886,终于找到了一个不用快进和加倍速的综艺节目
887,好激动，鸡皮疙瘩起来了。
888,这节目实在是感动了，就还没有看完，就觉得30岁以后的女人需要重启，泪目中
889,姐姐们加油
890,姐姐们 加油！
891,姐姐们加油❤️❤️❤️❤️❤️❤️❤️❤️❤️❤️❤️❤️❤️
892,芒果的文案写手是年薪百万的吧，写的文案太绝了
893,变形记口吻
894,开场白也太棒了吧，起鸡皮疙瘩了
895,王菲菲，孟佳，沈梦辰，张含韵，李四蛋啊啊啊啊啊啊
896,蓝盈莹加油啊
897,我来啦我来啦我来啦 ！！！
898,你爸爸终究是你爸爸，芒果太给力了，这个文案这个舞台我都好喜欢！
899,芒果文案🐮🍺
900,姐姐我来啦～
901,这也是成团出道吗😂️
902,芒果的文案果然没有让人失望😊
903,姐姐们绝了 希望我三十岁以后也这么棒
904,想哭是咋回事
905,开头好像变形记哦～
906,我大弗兰台的文案真的绝！！！
907,写文案直接把我听的鸡皮疙瘩都起来了，太棒了！吹爆我大芒果台！
908,这才是女团 现在 年轻女团长得谁是谁都分不清全一个模样
909,宁静万茜出道
910,芒果综艺太用心了喜欢
911,先给芒果台点个赞 真的厉害
912,什么是山，就是人心中的偏见啊，还记得吗
913,90年的已经三十了，95年的还远吗？
914,文案稿子真不错
915,很励志，我30过了，看了又有了激情
916,不是卫视播出吗
917,给大家点赞点的我手都累了
918,万茜我爱你
919,文案必须好呀 吴梦知大神的作品
920,我喜欢宁静，她就是乘风破浪的人
921,我就30了，但是我觉着我现在很美
922,文案太棒了
923,昕昕子给我冲
924,这几个姐姐们还好，至少不是网红脸，能分清😂😂😂
925,没用青春归位好评
926,霸气魔丸静静子! 第一金瓜茜茜子! 笨蛋美人琦琦子! 冲鸭!
927,姐姐们 冲鸭 
928,蓝盈莹刚好30
929,百万文案千万后期
930,我好奇的是:真要成团吗？成团后各位姐姐有时间演出吗？大部分是演员，不演戏啦？
931,芒果的文案 从快男的时候就很爱了  
932,为什么有一种想哭的感觉？我还不到30呀
933,再来一遍，这是哪个表演组，就坐轮椅👩‍🦼了
934,湖南卫视太会了
935,这文案绝了！！！！！！！！！！！！！！
936,芒果文案绝了
937,刚三十出头的自己，想哭
938, 两个字形容一下万茜第一期的感觉：“得体”
939,姐姐们我来啦！冲
940,湖南卫视的后期与文字真的在我的点上
941,茜茜子冲鸭
942,有一说一，wuli芒果台文案真是强啊
943,谢谢正能量的节目，也让30+的我，充满阳光
944,昕昕冲啊
945,每个姐姐都喜欢，怎么办😱，投谁啊！
946,片头文案好戳心啊
947,这些姐姐都好有辨识度，真的是好看
948,想念霏霏
949,牛皮，这个文案我服了，我听着鸡皮疙瘩都起来了，真的厉害！
950,太棒了，这个节目，被感动到了❤️
951,哈哈哈哈姐姐们冲
952,芒果文案绝了绝了！
953,不出所料的话不久之后应该又有很多类似的节目出现了
954,鸡汤文案
955,有变形记内味了
956,这就是变形记的独白小哥吧😂
957,100分钟是不敢剪嘛哈哈哈哈哈
958,昕姐加油，pick你
959,有、、、高级
960,这个节目的性质可可可可可可
961,姐姐们我来了，这是我今年唯一看的综艺了
962,来了 漂亮姐姐们 ！！
963,我也是姐姐的年龄了，还有两个礼拜就是30岁啦，三十而励，加油自己
964,这鸡汤好喝
965,这是丁文山的声音吗？
966,片头看的我 想多读些书了
967,这鸡汤干了，为30而励干杯🍻
968,湖南卫视的文案从来都没让我失望
969,那个说蓝盈莹90后的，90年今年刚刚30🙄
970,湖南卫视做综艺真的没话说
971,这文案太好了
972,湖南卫视还是稳的
973,我想到了SNH48 SII的公演，一切过往，皆为序章，233
974,我很满意我已经30岁了，因为前面的年少轻狂造成现在的沉淀
975,好期待  终于开播了
976,芒果文案好棒
977,怎么开头一股变形计的味道哈哈
978,好热血，我起鸡皮疙瘩了
979,我大芒果是真的有钱。
980,给自己加个油打个气，加油好好生活吧
981,文案哪里好了 全身不舒适 
982,文案也太热血了 励志
983,开场说的好有激情啊🌹
984,文案开场好哇塞～做不凡的自己 把生活过成诗词的模样
985,姐姐们好漂酿
986,姐姐们一起出道吧！我选不出来！！
987,momode开了会员
988,这个开头看得我热血沸腾，激情澎湃的
989,为金晨而来
990,没有投票吗？
991,孟佳！！王霏霏！！冲冲冲！！！！
992,这个节目不知道做出来有什么意义，反而优秀的人被淘汰
993,放完姐姐，是不是还会有哥哥，爸爸妈妈，弟弟妹妹叔叔阿姨等等啊
994,芒果台文案是一绝
995,文案满分，喜欢～～
996,文案太好了，高考语文作文满分吧！
997,前面cue蓝盈莹的 90也30了呀……哈哈
998,姐姐们冲鸭冲鸭冲鸭冲鸭冲鸭！加油加油加油加油加油！！！！！
999,前面说90年31的！明明30好嘛！！！
1000,这文案写的真好
1001,这文案绝了
1002,这个文案真的牛皮
1003,有种后浪的feel
1004,希望有披荆斩棘的哥哥们
1005,抖音娱乐新闻的小编们都准备好了吗    
1006,芒果台的后期和文案真的绝对是一流！！
1007,好像变形计的前奏哈哈哈
1008,一切过往，皆为序章
1009,这个文案绝了，我居然没有快进
1010,所以这一切的一切都只持续了两期，后期还有这些打破定义内容嘛
1011,芒果台的百万文案不是虚的
1012,文案好厉害
1013,文案好棒
1014,乘风破浪会有时，直挂云帆济沧海
1015,怎么办 好感动  想哭了
1016,好的，接下来请收看乘(sing)风破(zoo)浪的姐姐
1017,文案，鸡皮疙瘩起来了
1018,有一说一芒果台文案一如既往的棒
1019,文案听的我都想哭
1020,凡是过往，皆为序章。——莎士比亚
1021,文案前言不搭后语的，说文案绝了的都是托儿吗
1022,郁可唯冲郁可唯实力vocal
1023,是不是《神话》里玉漱，吕素，小月都来了!!!?
1024,芒果的文案也太好了
1025,湖南卫视的综艺独白就没输过 哈哈哈哈
1026,一切过往皆为序章
1027,昕昕子冲压
1028,瞬间秒杀那些选秀的哈哈哈
1029,王霏霏孟佳冲鸭！！！！思念冲！！！
1030,文案太牛了
1031,百万文案啊
1032,孟佳！王霏霏！冲啊！！！
1033,给我冲啊，姐姐们
1034,期待了好久
1035,凡是过去，皆为序章
1036,一切过往，皆为序章
1037,文案好棒👍🏻👍🏻👍🏻👍🏻
1038,太励志了
1039,各位别急，披荆斩棘的哥哥们马上也要来了
1040,昕昕和蓝盈莹加油
1041,我也是为了这个节目包了个季
1042,文案100分
1043,留下在综艺第一线的我
1044,直挂云帆济沧海，乘风破浪会有时
1045,我爱吴昕
1046,乘风破浪会有时，直挂云帆济沧海
1047,专门为吴昕而来，吴昕昕昕子冲啊啊啊啊啊啊啊
1048,好高级的文案
1049,文案满分！
1050,文案太牛了，来蹭蹭文采
1051,这文案，爱了
1052,亲爱的，爱你的最好方式就是好好爱自己！
1053,这文案哪里好了……真的是外行看热闹
1054,一切过往，皆为序章！这话我喜欢
1055,综艺史上第一档节目，节目组听嘉宾的，还得一路顺着来
1056,片头好棒
1057,你不投，我不投，姐姐来个一轮游，出不出道不重要，开心快乐最重要。
1058,说的好好啊
1059,文案写得好棒呀，我要给写文案的大大点个赞。
1060,百万文案
1061,芒果雄心策划
1062,湖南卫视的文案一如既往的🐂🍺
1063,过湖南卫视的文案真的绝了！！！
1064,湖南卫视的文案写的太霸道了。给文案的组加鸡腿儿。
1065,一切过往，皆为序章，唐人街探案网剧的引子也用了这句哈哈
1066,但凡我文案有这一半好也不至于现在喝西北风了
1067,秒杀一切选秀节目
1068,三十而立！三十而丽！三十而骊！
1069,直挂云帆济沧海，长风破浪会有时。
1070,嘿嘿好像就我一个人看了818才来的
1071,这个文案我爱了爱了~~~
1072,这个文案也太赞了吧
1073,文案谁写的太A了满分💯。
1074,文案不错，初衷也可，可惜后面变味道了
1075,芒果台的文案和片头从来不会让人失望
1076,令人惊艳的文案，还有那个旁白小哥哥哇塞
1077,欢迎收看变形计，30岁女人的蜕变
